metric,precision,recall,f1,num_samples
macro,0.5833333333333334,0.611111111111111,0.5777777777777778,10
